Filename,Predicted Label
Opie.lb21.jpg,pajama
Thriftbook.lb16.jpg,brass
Karella_thrift 0.jpg,mitten
ub_students_thrift1.jpg,wool
Pick.n.thriftlb 14.jpg,wreck
ub_students_thrift35.jpg,jean
Usedtoglow34.jpg,velvet
Second_hands_leb11.jpg,miniskirt
Pick.n.thriftlb 7.jpg,handkerchief
Thriftinglb_31.jpg,cardigan
Karella_thrift 36.jpg,poncho
Thriftinglb_2.jpg,mortarboard
The_thrift__shop36.jpg,sweatshirt
Toys.thrift.lb28.jpg,throne
Thriftbooks.com.lb18.jpg,envelope
Alpas.books0.jpg,envelope
Opie.lb34.jpg,swab
Lift_by_thrifting23.jpg,sandal
The_thrift__shop29.jpg,hook
Second_hands_leb23.jpg,miniskirt
ub_students_thrift59.jpg,Dutch_oven
Thriftbooksbeirut31.jpg,book_jacket
Thriftvintage20.jpg,backpack
Thriftshopbutterfly1.jpg,piggy_bank
Kratos_thriftlb38.jpg,sandal
Usedbooks_lb24.jpg,jigsaw_puzzle
Karella_thrift 26.jpg,poncho
Lift_by_thrifting18.jpg,cloak
The.usedcloset3.jpg,wool
Toys.thrift.lb40.jpg,carpenter's_kit
Thrift_poplb9.jpg,stole
ub_students_thrift39.jpg,vacuum
The.usedcloset32.jpg,jean
Thriftinglb_24.jpg,cardigan
Thriftvintage13.jpg,sweatshirt
Thriftbooks.com.lb27.jpg,web_site
The.thrift.zone 5.jpg,envelope
Second_hands_leb1.jpg,miniskirt
Ulike.thrifting 1.jpg,Polaroid_camera
Thriftinglb_26.jpg,lighter
almost_everythinggg3.jpg,sweatshirt
Pick.n.thriftlb 1.jpg,maillot
Thriftvintage30.jpg,cardigan
Kratos_thriftlb35.jpg,sandal
Opie.lb39.jpg,apron
ub_students_thrift18.jpg,holster
Lift_by_thrifting10.jpg,bib
Usedbooks_lb39.jpg,bottlecap
Usedbooks_lb38.jpg,book_jacket
Thrifting_mimo19.jpg,jersey
therapythrift_20.jpg,velvet
Usedbooks_lb22.jpg,book_jacket
Karella_thrift 39.jpg,jean
Opie.lb36.jpg,fur_coat
Thrift_poplb38.jpg,stole
Thrift_bags_by_nouf 12.jpg,mailbag
The.usedcloset31.jpg,panpipe
The_thrift__shop39.jpg,mask
The.thrift.zone 4.jpg,scabbard
The.usedcloset17.jpg,handkerchief
Second_hands_leb44.jpg,miniskirt
Thrift_shop1239318.jpg,suit
Thrift_poplb27.jpg,gown
Opie.lb15.jpg,apron
Thrift_bags_by_nouf 36.jpg,mailbag
Ulike.thrifting 36.jpg,jersey
Pick.n.thriftlb 6.jpg,sleeping_bag
Thrifted4hype22.jpg,running_shoe
ub_students_thrift34.jpg,swimming_trunks
thrift.origins27.jpg,running_shoe
Usedtoglow5.jpg,cardigan
Thrift_books_and_more32.jpg,sweatshirt
Ulike.thrifting 8.jpg,jean
Thriftbooksbeirut28.jpg,book_jacket
Elitegirlsvintage 5.jpg,cardigan
Kratos_thriftlb43.jpg,sandal
ub_students_thrift43.jpg,wooden_spoon
Thrifted4hype23.jpg,running_shoe
Alien_thrift_lb23.jpg,sweatshirt
Ulike.thrifting 2.jpg,perfume
Karella_thrift 24.jpg,velvet
thrift.origins14.jpg,running_shoe
Thriftvintage28.jpg,sweatshirt
Thrift_bags_by_nouf 40.jpg,purse
Kratos_thriftlb8.jpg,sandal
Opie.lb16.jpg,poncho
Alien_thrift_lb27.jpg,running_shoe
Second_hands_leb34.jpg,miniskirt
Thrift_shop1239314.jpg,traffic_light
almost_everythinggg30.jpg,sweatshirt
Usedbooks_lb8.jpg,jigsaw_puzzle
Alien_thrift_lb22.jpg,sweatshirt
The.usedcloset8.jpg,poncho
Karella_thrift 22.jpg,stole
The.thrift.zone 27.jpg,running_shoe
Online_by_wared17.jpg,brassiere
Thrift_poplb15.jpg,jean
Thrift_shop1239312.jpg,pot
Thrift.soull4.jpg,umbrella
therapythrift_27.jpg,jersey
Thrift.soull22.jpg,bobsled
Thrift_shop1239328.jpg,hoopskirt
Thriftbooks.com.lb13.jpg,book_jacket
Kratos_thriftlb29.jpg,sandal
ub_students_thrift30.jpg,tray
Thrift.soull32.jpg,sleeping_bag
The.usedcloset23.jpg,cardigan
Thrift_bags_by_nouf 0.jpg,broom
almost_everythinggg6.jpg,chain_mail
Thriftbooksbeirut16.jpg,book_jacket
Second_hands_leb2.jpg,miniskirt
Online_by_wared13.jpg,cardigan
Karella_thrift 28.jpg,cardigan
Thrift_shop1239342.jpg,jersey
Thrift_shop123939.jpg,cardigan
The_thrift__shop13.jpg,suit
Toys.thrift.lb4.jpg,bonnet
Pick.n.thriftlb 3.jpg,hoopskirt
Thrift_shop123937.jpg,jean
Thriftbooksbeirut39.jpg,book_jacket
Thrifting_mimo39.jpg,giant_schnauzer
Toys.thrift.lb10.jpg,comic_book
Ulike.thrifting 9.jpg,trench_coat
therapythrift_1.jpg,chain_mail
Thriftbooks.com.lb1.jpg,web_site
Usedbooks_lb3.jpg,book_jacket
Thrift_bags_by_nouf 9.jpg,chest
ub_students_thrift55.jpg,pill_bottle
Lift_by_thrifting2.jpg,jean
Thrifted4hype21.jpg,sandal
The.usedcloset11.jpg,cardigan
Thrift_lebanon17.jpg,abaya
Pick.n.thriftlb 35.jpg,bikini
Online_by_wared21.jpg,Great_Pyrenees
Thrift.soull18.jpg,doormat
Kratos_thriftlb17.jpg,sandal
Ulike.thrifting 41.jpg,jean
Usedbooks_lb1.jpg,packet
Second_hands_leb20.jpg,miniskirt
Thrift_bags_by_nouf 3.jpg,mailbag
Thrift_books_and_more0.jpg,chain_mail
Thrift.soull27.jpg,sleeping_bag
Usedbooks_lb5.jpg,Band_Aid
Thriftvintage17.jpg,sweatshirt
Thrift_poplb32.jpg,feather_boa
Thriftinglb_27.jpg,cassette
The.thrift.zone 2.jpg,digital_clock
Thrifted4hype12.jpg,sock
The_thrift__shop4.jpg,breastplate
Alien_thrift_lb21.jpg,sweatshirt
Thrift_books_and_more34.jpg,sweatshirt
Thriftinglb_3.jpg,packet
Usedbooks_lb40.jpg,book_jacket
Alien_thrift_lb8.jpg,sweatshirt
Thrifting_mimo29.jpg,miniskirt
Thriftvintage5.jpg,overskirt
Pick.n.thriftlb 19.jpg,miniskirt
Kratos_thriftlb4.jpg,sandal
Ulike.thrifting 4.jpg,swab
Thrift_books_and_more9.jpg,cardigan
therapythrift_17.jpg,hook
Thrift_bags_by_nouf 38.jpg,chest
Thriftbooks.com.lb28.jpg,envelope
The_thrift__shop16.jpg,handkerchief
Ulike.thrifting 28.jpg,jersey
Kratos_thriftlb37.jpg,sandal
The.usedcloset5.jpg,fur_coat
The.thrift.zone 14.jpg,running_shoe
Thriftbooks.com.lb4.jpg,book_jacket
Pick.n.thriftlb 15.jpg,sock
Thrift_books_and_more11.jpg,wool
ub_students_thrift23.jpg,street_sign
Alien_thrift_lb10.jpg,sweatshirt
Usedtoglow18.jpg,miniskirt
Thriftbooks.com.lb35.jpg,stole
Online_by_wared1.jpg,chain_mail
Thrift_shop1239320.jpg,traffic_light
thrift.origins11.jpg,running_shoe
The.usedcloset34.jpg,chain_mail
Toys.thrift.lb19.jpg,envelope
Alien_thrift_lb16.jpg,bulletproof_vest
almost_everythinggg26.jpg,suit
Opie.lb28.jpg,bib
Usedtoglow16.jpg,poncho
Usedtoglow6.jpg,cardigan
Karella_thrift 11.jpg,mitten
Karella_thrift 42.jpg,bath_towel
Usedtoglow36.jpg,sweatshirt
Thrifted4hype11.jpg,Loafer
Opie.lb12.jpg,cardigan
Elitegirlsvintage 32.jpg,cardigan
ub_students_thrift36.jpg,pajama
Elitegirlsvintage 8.jpg,bath_towel
Karella_thrift 34.jpg,syringe
Usedbooks_lb6.jpg,book_jacket
Purple_fashion_lb 8.jpg,fur_coat
Elitegirlsvintage 11.jpg,stole
Thriftbook.lb27.jpg,envelope
Usedbooks_lb13.jpg,book_jacket
Lift_by_thrifting30.jpg,swimming_trunks
Ulike.thrifting 33.jpg,jersey
Elitegirlsvintage 24.jpg,jersey
almost_everythinggg4.jpg,lab_coat
The.thrift.zone 33.jpg,running_shoe
Opie.lb32.jpg,cardigan
Karella_thrift 17.jpg,stole
Opie.lb29.jpg,overskirt
Thriftinglb_5.jpg,cardigan
Pick.n.thriftlb 37.jpg,military_uniform
Kratos_thriftlb20.jpg,sandal
Thriftinglb_7.jpg,mitten
Elitegirlsvintage 0.jpg,diaper
The.thrift.zone 15.jpg,running_shoe
Lift_by_thrifting35.jpg,brassiere
The_thrift__shop18.jpg,crayfish
Toys.thrift.lb30.jpg,envelope
The_thrift__shop30.jpg,sweatshirt
The.usedcloset42.jpg,sock
ub_students_thrift42.jpg,scale
Thriftbook.lb6.jpg,hair_spray
Thriftshopbutterfly13.jpg,velvet
The2022thrift 5.jpg,trench_coat
Thrifting_mimo3.jpg,vestment
Thrifted4hype10.jpg,running_shoe
ub_students_thrift28.jpg,necklace
Karella_thrift 32.jpg,mailbag
Toys.thrift.lb24.jpg,packet
Kratos_thriftlb14.jpg,sandal
Thrift_bags_by_nouf 15.jpg,mailbag
Elitegirlsvintage 15.jpg,sweatshirt
Thriftshopbutterfly25.jpg,diamondback
Thrifting_mimo7.jpg,abaya
Lift_by_thrifting32.jpg,buckle
The.thrift.zone 0.jpg,knot
Alien_thrift_lb2.jpg,sweatshirt
therapythrift_0.jpg,sweatshirt
Thriftbook.lb9.jpg,chain_mail
ub_students_thrift8.jpg,carton
Thrift_lebanon1.jpg,abaya
Toys.thrift.lb39.jpg,comic_book
The.usedcloset10.jpg,chain_mail
Thrift_poplb11.jpg,jean
Thrifted4hype6.jpg,clog
Thriftbooksbeirut3.jpg,bookcase
Ulike.thrifting 38.jpg,swimming_trunks
Karella_thrift 27.jpg,suit
ub_students_thrift37.jpg,jean
Karella_thrift 1.jpg,chain_mail
Thriftshopbutterfly30.jpg,vestment
Karella_thrift 35.jpg,suit
Second_hands_leb29.jpg,miniskirt
Thriftshopbutterfly33.jpg,brassiere
The2022thrift 6.jpg,jean
Thrift.soull36.jpg,bath_towel
Thriftwithley0.jpg,shovel
The.thrift.zone 36.jpg,running_shoe
Thrift_poplb20.jpg,shower_cap
Thrift_books_and_more37.jpg,wool
Thrift_books_and_more40.jpg,beacon
Thrift_poplb34.jpg,swing
Toys.thrift.lb25.jpg,envelope
Thriftbooksbeirut8.jpg,book_jacket
Thrift_poplb21.jpg,chain_mail
Thrift.soull33.jpg,bath_towel
Thrifting_mimo40.jpg,poncho
Thrift_poplb13.jpg,chain_mail
Pick.n.thriftlb 32.jpg,abaya
The2022thrift 4.jpg,mailbag
Thriftshopbutterfly9.jpg,vault
Usedbooks_lb28.jpg,book_jacket
Thrift_bags_by_nouf 8.jpg,backpack
Thrift.soull12.jpg,umbrella
Usedtoglow28.jpg,miniskirt
ub_students_thrift20.jpg,window_shade
ub_students_thrift7.jpg,mailbag
Thrift_lebanon6.jpg,abaya
Ulike.thrifting 40.jpg,swimming_trunks
Thriftbook.lb7.jpg,book_jacket
thrift.origins1.jpg,cardigan
Thrift_lebanon8.jpg,abaya
Elitegirlsvintage 28.jpg,chain_mail
Thrift_books_and_more2.jpg,trench_coat
The_thrift__shop6.jpg,sweatshirt
Thriftinglb_12.jpg,envelope
Usedtoglow21.jpg,running_shoe
Thriftinglb_28.jpg,lighter
Thriftshopbutterfly15.jpg,hair_spray
Elitegirlsvintage 43.jpg,cardigan
Pick.n.thriftlb 23.jpg,bubble
Pick.n.thriftlb 11.jpg,bonnet
Lift_by_thrifting24.jpg,trench_coat
Ulike.thrifting 29.jpg,mask
Pick.n.thriftlb 17.jpg,bath_towel
The_thrift__shop33.jpg,shield
The.thrift.zone 18.jpg,running_shoe
The.thrift.zone 16.jpg,running_shoe
Thrift_poplb19.jpg,jean
Thrift_shop123938.jpg,holster
Opie.lb38.jpg,cardigan
Opie.lb19.jpg,poncho
Thriftbooksbeirut19.jpg,book_jacket
almost_everythinggg0.jpg,bulletproof_vest
Second_hands_leb18.jpg,miniskirt
therapythrift_10.jpg,poncho
Thrifting_mimo21.jpg,poncho
Thriftshopbutterfly31.jpg,apron
Thrift_poplb10.jpg,brassiere
Alpas.books7.jpg,envelope
Thriftbooksbeirut14.jpg,medicine_chest
Thrifting_mimo25.jpg,sweatshirt
Thrift_poplb4.jpg,miniskirt
Pick.n.thriftlb 31.jpg,diaper
thrift.origins4.jpg,jigsaw_puzzle
Kratos_thriftlb13.jpg,sandal
Thrift_shop1239325.jpg,poncho
Online_by_wared9.jpg,poncho
Thrift_poplb5.jpg,shower_cap
Thrift_poplb12.jpg,jean
Thrift_bags_by_nouf 19.jpg,bearskin
Thriftvintage2.jpg,sweatshirt
Second_hands_leb41.jpg,miniskirt
Thrifting_mimo37.jpg,packet
Thriftbooks.com.lb32.jpg,web_site
Thrifted4hype9.jpg,running_shoe
Kratos_thriftlb1.jpg,sandal
Second_hands_leb31.jpg,miniskirt
ub_students_thrift17 (1).jpg,purse
Karella_thrift 29.jpg,bolo_tie
Kratos_thriftlb0.jpg,sandal
The.thrift.zone 42.jpg,cowboy_boot
therapythrift_6.jpg,jean
ub_students_thrift21.jpg,carton
Thriftwithley2.jpg,purse
Toys.thrift.lb6.jpg,web_site
Second_hands_leb30.jpg,miniskirt
Usedtoglow27.jpg,cardigan
ub_students_thrift4.jpg,purse
Lift_by_thrifting31.jpg,hoopskirt
The.usedcloset27.jpg,jean
Thriftshopbutterfly20.jpg,jean
Thrift_bags_by_nouf 24.jpg,backpack
therapythrift_19.jpg,velvet
Thriftshopbutterfly34.jpg,apron
Thriftshopbutterfly29.jpg,pajama
Opie.lb41.jpg,fire_screen
Toys.thrift.lb32.jpg,teddy
Thrift_shop1239330.jpg,poncho
Thriftbooksbeirut35.jpg,envelope
Usedtoglow24.jpg,cardigan
Thriftbook.lb21.jpg,book_jacket
The2022thrift 3.jpg,knee_pad
Thriftbooks.com.lb17.jpg,pay-phone
Usedbooks_lb16.jpg,book_jacket
Pick.n.thriftlb 28.jpg,cardigan
The.thrift.zone 6.jpg,running_shoe
The.usedcloset19.jpg,bulletproof_vest
Thriftbook.lb14.jpg,packet
Thrift_poplb18.jpg,cellular_telephone
The_thrift__shop24.jpg,mask
Thriftbook.lb10.jpg,packet
Thrifting_mimo10.jpg,maillot
Elitegirlsvintage 3.jpg,sweatshirt
Thrift_poplb0.jpg,flute
Thriftinglb_17.jpg,cardigan
Pick.n.thriftlb 27.jpg,cardigan
Thriftbooksbeirut2.jpg,bookcase
Lift_by_thrifting40.jpg,hoopskirt
Opie.lb6.jpg,cardigan
Elitegirlsvintage 4.jpg,velvet
Thriftbooksbeirut29.jpg,book_jacket
Thrift_shop1239332.jpg,pajama
The.thrift.zone 37.jpg,sock
Thrift_lebanon9.jpg,abaya
Lift_by_thrifting1.jpg,jean
Ulike.thrifting 22.jpg,sweatshirt
Usedbooks_lb42.jpg,book_jacket
Thrifted4hype5.jpg,cowboy_boot
Pick.n.thriftlb 12.jpg,clog
ub_students_thrift24.jpg,modem
Toys.thrift.lb23.jpg,packet
Thrift_shop1239336.jpg,stole
Kratos_thriftlb27.jpg,sandal
Thriftshopbutterfly36.jpg,sandal
Thrift_books_and_more18.jpg,buckle
ub_students_thrift19.jpg,mortarboard
Thrift_books_and_more14.jpg,brassiere
Thrift.soull31.jpg,brass
Elitegirlsvintage 38.jpg,cardigan
Thriftshopbutterfly11.jpg,brassiere
Purple_fashion_lb 6.jpg,crutch
The_thrift__shop22.jpg,academic_gown
Purple_fashion_lb 9.jpg,sweatshirt
Thrifting_mimo27.jpg,gown
Elitegirlsvintage 13.jpg,cardigan
Usedtoglow31.jpg,cardigan
Pick.n.thriftlb 18.jpg,cardigan
Thriftinglb_19.jpg,sweatshirt
Thrift_books_and_more43.jpg,velvet
The_thrift__shop5.jpg,suit
The.usedcloset16.jpg,cardigan
Elitegirlsvintage 12.jpg,sweatshirt
Thrifted4hype26.jpg,running_shoe
Thriftbook.lb31.jpg,packet
Alien_thrift_lb11.jpg,racket
Thrift_bags_by_nouf 7.jpg,mailbag
Toys.thrift.lb5.jpg,comic_book
Thriftvintage18.jpg,backpack
Thriftvintage15.jpg,jersey
Karella_thrift 4.jpg,cardigan
Purple_fashion_lb 0.jpg,pot
Thrifted4hype14.jpg,running_shoe
Thriftshopbutterfly18.jpg,purse
Thrift.soull23.jpg,sweatshirt
Elitegirlsvintage 9.jpg,bonnet
Thriftbook.lb3.jpg,chain_mail
Kratos_thriftlb21.jpg,sandal
ub_students_thrift2.jpg,swimming_trunks
Karella_thrift 31.jpg,teddy
Online_by_wared4.jpg,running_shoe
Thrift.soull9.jpg,sleeping_bag
Thrifting_mimo16.jpg,packet
Thrift_shop123935.jpg,suit
Thrift_shop1239338.jpg,suit
Thrift_lebanon16.jpg,abaya
Thrift_bags_by_nouf 29.jpg,backpack
Elitegirlsvintage 20.jpg,poncho
Kratos_thriftlb12.jpg,sandal
Alpas.books10.jpg,envelope
Kratos_thriftlb32.jpg,sandal
Thrift_poplb26.jpg,shower_cap
Lift_by_thrifting22.jpg,wine_bottle
The.thrift.zone 3.jpg,scabbard
Thrift_books_and_more13.jpg,pajama
Thriftbooks.com.lb31.jpg,book_jacket
The.usedcloset26.jpg,cloak
Opie.lb11.jpg,cardigan
almost_everythinggg28.jpg,chain_mail
The_thrift__shop41.jpg,chain_mail
Thriftvintage26.jpg,sweatshirt
Thriftbooksbeirut5.jpg,book_jacket
Thrifting_mimo33.jpg,cowboy_boot
Thriftbooks.com.lb22.jpg,web_site
Thriftvintage6.jpg,jersey
Karella_thrift 23.jpg,jean
Thrift_books_and_more35.jpg,jean
Thriftbooks.com.lb40.jpg,book_jacket
The.usedcloset30.jpg,poncho
The_thrift__shop35.jpg,sandal
Thrifted4hype4.jpg,clog
Elitegirlsvintage 19.jpg,cardigan
Thrift_books_and_more8.jpg,suit
Thrift_lebanon24.jpg,abaya
Thriftinglb_11.jpg,bow_tie
Online_by_wared26.jpg,envelope
Thrifting_mimo34.jpg,lighter
Elitegirlsvintage 10.jpg,wool
Toys.thrift.lb22.jpg,packet
Lift_by_thrifting20.jpg,running_shoe
therapythrift_7.jpg,sweatshirt
Thriftbooks.com.lb26.jpg,bolo_tie
Second_hands_leb5.jpg,miniskirt
Usedtoglow4.jpg,apron
Thrift_books_and_more21.jpg,sweatshirt
The.thrift.zone 31.jpg,running_shoe
Usedtoglow13.jpg,velvet
thrift.origins21.jpg,lab_coat
Thrift_books_and_more15.jpg,cardigan
Lift_by_thrifting41.jpg,iron
The.usedcloset43.jpg,abaya
Kratos_thriftlb9.jpg,sandal
Thrift_lebanon22.jpg,abaya
Usedbooks_lb15.jpg,book_jacket
Thrift_poplb23.jpg,chain_mail
Karella_thrift 12.jpg,velvet
Lift_by_thrifting42.jpg,miniskirt
Thriftinglb_29.jpg,fur_coat
Pick.n.thriftlb 16.jpg,bib
The_thrift__shop3.jpg,neck_brace
Thrift_shop123930.jpg,prayer_rug
Thriftshopbutterfly21.jpg,velvet
ub_students_thrift25.jpg,bucket
thrift.origins17.jpg,running_shoe
Second_hands_leb15.jpg,miniskirt
Thrift_poplb24.jpg,miniskirt
Toys.thrift.lb29.jpg,pinwheel
Usedbooks_lb31.jpg,book_jacket
Thriftbooksbeirut34.jpg,web_site
The.usedcloset7.jpg,poncho
Thriftinglb_1.jpg,miniskirt
Thriftvintage19.jpg,sweatshirt
Usedbooks_lb37.jpg,book_jacket
Elitegirlsvintage 42.jpg,cardigan
thrift.origins28.jpg,sandal
Thrift_bags_by_nouf 2.jpg,purse
Ulike.thrifting 25.jpg,mountain_tent
Thrift.soull21.jpg,umbrella
The_thrift__shop43.jpg,scabbard
Thriftbooks.com.lb33.jpg,book_jacket
Pick.n.thriftlb 9.jpg,jersey
Thrift_books_and_more39.jpg,stole
Opie.lb40.jpg,breastplate
Ulike.thrifting 10.jpg,sweatshirt
The.thrift.zone 8.jpg,scabbard
Toys.thrift.lb3.jpg,altar
Thriftvintage21.jpg,mailbag
Karella_thrift 7.jpg,sock
Lift_by_thrifting39.jpg,quilt
Thrift_lebanon3.jpg,abaya
Usedtoglow20.jpg,miniskirt
Thriftbook.lb0.jpg,envelope
The.thrift.zone 32.jpg,running_shoe
Thrift_lebanon0.jpg,abaya
Thrift_poplb6.jpg,coho
Thriftbooks.com.lb11.jpg,web_site
Thriftbooks.com.lb25.jpg,web_site
almost_everythinggg16.jpg,cardigan
Karella_thrift 14.jpg,jersey
Thrift_books_and_more38.jpg,fur_coat
Pick.n.thriftlb 29.jpg,cardigan
Thriftinglb_30.jpg,backpack
almost_everythinggg14.jpg,handkerchief
Thriftbooks.com.lb34.jpg,book_jacket
Thrift_books_and_more29.jpg,cardigan
The_thrift__shop1.jpg,bow_tie
Alpas.books3.jpg,envelope
thrift.origins25.jpg,running_shoe
ub_students_thrift16 (1).jpg,swimming_trunks
Thrift_poplb14.jpg,chain_mail
Thrift.soull14.jpg,sleeping_bag
Alpas.books2.jpg,envelope
Thriftbooks.com.lb9.jpg,jersey
Thriftbooksbeirut30.jpg,book_jacket
Thrifting_mimo38.jpg,lipstick
Thrift_books_and_more5.jpg,fur_coat
Opie.lb9.jpg,apron
Ulike.thrifting 30.jpg,jean
Thrifting_mimo6.jpg,shower_cap
The_thrift__shop10.jpg,shield
Lift_by_thrifting8.jpg,tray
Thriftvintage8.jpg,jersey
Kratos_thriftlb41.jpg,sandal
Usedbooks_lb4.jpg,book_jacket
Opie.lb5.jpg,fur_coat
Alien_thrift_lb1.jpg,sweatshirt
Thriftshopbutterfly6.jpg,stole
Thriftwithley3.jpg,swab
Alien_thrift_lb18.jpg,sweatshirt
Thriftvintage23.jpg,sweatshirt
Thriftbook.lb8.jpg,packet
Lift_by_thrifting16.jpg,apron
Thrift_lebanon20.jpg,abaya
Thrift_books_and_more44.jpg,knee_pad
Toys.thrift.lb8.jpg,candle
Thrift_bags_by_nouf 17.jpg,bassinet
Alien_thrift_lb20.jpg,sweatshirt
Toys.thrift.lb17.jpg,envelope
Kratos_thriftlb40.jpg,sandal
Thriftinglb_13.jpg,fur_coat
The2022thrift 7.jpg,chain_mail
thrift.origins29.jpg,stole
Online_by_wared14.jpg,poncho
Thriftbook.lb25.jpg,envelope
Elitegirlsvintage 1.jpg,sweatshirt
Thrift_books_and_more31.jpg,sweatshirt
Usedtoglow30.jpg,jean
Elitegirlsvintage 25.jpg,cardigan
The.usedcloset33.jpg,poncho
The.thrift.zone 10.jpg,ski
Thrift.soull13.jpg,purse
Thriftwithley4.jpg,purse
Thriftbooksbeirut23.jpg,book_jacket
The.thrift.zone 35.jpg,running_shoe
The.thrift.zone 17.jpg,running_shoe
ub_students_thrift24 (1).jpg,modem
Thrifted4hype19.jpg,running_shoe
Thriftvintage31.jpg,sweatshirt
Thriftbooksbeirut24.jpg,carton
ub_students_thrift54.jpg,grille
The.thrift.zone 9.jpg,knot
ub_students_thrift32.jpg,bath_towel
Thrift_lebanon12.jpg,abaya
Thrifting_mimo22.jpg,water_bottle
Thrift_bags_by_nouf 20.jpg,backpack
thrift.origins31.jpg,running_shoe
Thriftshopbutterfly17.jpg,leatherback_turtle
The.thrift.zone 26.jpg,running_shoe
The_thrift__shop25.jpg,suit
The.usedcloset14.jpg,cloak
Thrift.soull38.jpg,sleeping_bag
Opie.lb2.jpg,cardigan
Thriftbook.lb17.jpg,envelope
Online_by_wared10.jpg,jean
Lift_by_thrifting3.jpg,overskirt
Usedbooks_lb0.jpg,packet
ub_students_thrift60.jpg,frying_pan
Alien_thrift_lb14.jpg,sweatshirt
Alpas.books4.jpg,envelope
Usedtoglow1.jpg,velvet
Second_hands_leb3.jpg,miniskirt
Thriftvintage7.jpg,sweatshirt
Thriftinglb_14.jpg,miniskirt
Thrift_books_and_more19.jpg,miniskirt
Thriftbooks.com.lb2.jpg,envelope
Toys.thrift.lb37.jpg,envelope
The.usedcloset21.jpg,stole
Usedbooks_lb26.jpg,book_jacket
The2022thrift 0.jpg,Loafer
Thrift_shop1239334.jpg,overskirt
Elitegirlsvintage 33.jpg,cardigan
Elitegirlsvintage 21.jpg,stole
Kratos_thriftlb34.jpg,sandal
Opie.lb31.jpg,cloak
Thriftbooksbeirut4.jpg,bookshop
Thrift_books_and_more1.jpg,overskirt
Thriftbooksbeirut38.jpg,mushroom
Thrift.soull6.jpg,umbrella
Thrift_poplb25.jpg,jean
The.thrift.zone 23.jpg,running_shoe
Toys.thrift.lb31.jpg,tricycle
Karella_thrift 20.jpg,jean
The_thrift__shop32.jpg,bolo_tie
Elitegirlsvintage 22.jpg,cardigan
thrift.origins8.jpg,cardigan
Thrift.soull7.jpg,yurt
Alien_thrift_lb4.jpg,sweatshirt
Thriftinglb_8.jpg,Loafer
thrift.origins9.jpg,bonnet
Thrift_bags_by_nouf 43.jpg,hamper
The_thrift__shop37.jpg,crutch
The.thrift.zone 20.jpg,running_shoe
almost_everythinggg8.jpg,poncho
Thriftbook.lb13.jpg,envelope
Thriftshopbutterfly19.jpg,bib
The_thrift__shop31.jpg,suit
Thrift_poplb2.jpg,jean
Usedtoglow0.jpg,pillow
Thrift_books_and_more7.jpg,bulletproof_vest
Thrift_bags_by_nouf 34.jpg,modem
Elitegirlsvintage 27.jpg,trench_coat
therapythrift_8.jpg,sweatshirt
The_thrift__shop14.jpg,academic_gown
Thriftbooks.com.lb16.jpg,Band_Aid
Thrift_bags_by_nouf 26.jpg,purse
Second_hands_leb35.jpg,miniskirt
Thrift_poplb1.jpg,miniskirt
Lift_by_thrifting4.jpg,jean
Thriftwithley6.jpg,purse
Elitegirlsvintage 29.jpg,cardigan
Thrift_books_and_more10.jpg,miniskirt
Thriftbook.lb12.jpg,envelope
Thrifting_mimo41.jpg,doormat
Thriftbook.lb2.jpg,packet
Thrift_bags_by_nouf 21.jpg,bassinet
Lift_by_thrifting38.jpg,jersey
Online_by_wared27.jpg,cardigan
Opie.lb1.jpg,cardigan
Purple_fashion_lb 2.jpg,ski_mask
ub_students_thrift5.jpg,pajama
Karella_thrift 9.jpg,stole
The.usedcloset4.jpg,suit
thrift.origins3.jpg,knee_pad
Alien_thrift_lb17.jpg,sweatshirt
Usedbooks_lb7.jpg,envelope
Usedbooks_lb34.jpg,book_jacket
Thriftshopbutterfly12.jpg,sweatshirt
Alien_thrift_lb6.jpg,sweatshirt
ub_students_thrift22 (1).jpg,crate
almost_everythinggg24.jpg,poncho
The_thrift__shop7.jpg,mask
The_thrift__shop26.jpg,sweatshirt
almost_everythinggg21.jpg,purse
Online_by_wared22.jpg,Pomeranian
Purple_fashion_lb 1.jpg,sandal
The.usedcloset6.jpg,cloak
Thriftvintage32.jpg,poncho
The.thrift.zone 44.jpg,Loafer
The.thrift.zone 38.jpg,running_shoe
almost_everythinggg25.jpg,wool
Usedbooks_lb27.jpg,book_jacket
Thrift_bags_by_nouf 6.jpg,bonnet
Usedbooks_lb20.jpg,book_jacket
Thrift_shop1239333.jpg,apron
Thriftwithley10.jpg,brassiere
Thriftvintage0.jpg,jean
Thrift_bags_by_nouf 23.jpg,jean
Karella_thrift 25.jpg,jean
Usedbooks_lb12.jpg,book_jacket
Thrifting_mimo20.jpg,cloak
Thriftbooksbeirut1.jpg,switch
Thriftbooksbeirut6.jpg,bookcase
Online_by_wared25.jpg,cardigan
The_thrift__shop11.jpg,shield
Thriftinglb_25.jpg,Loafer
therapythrift_11.jpg,wool
Thrift_bags_by_nouf 25.jpg,barber_chair
thrift.origins32.jpg,running_shoe
Thrift.soull2.jpg,puck
Thriftbooksbeirut43.jpg,envelope
ub_students_thrift17.jpg,holster
Thrift.soull17.jpg,brass
ub_students_thrift33.jpg,pajama
The.usedcloset9.jpg,fur_coat
Thrift_poplb33.jpg,cellular_telephone
therapythrift_16.jpg,cardigan
Alien_thrift_lb24.jpg,military_uniform
Second_hands_leb28.jpg,miniskirt
Thrift_books_and_more3.jpg,sweatshirt
Elitegirlsvintage 14.jpg,sweatshirt
Toys.thrift.lb35.jpg,comic_book
The_thrift__shop23.jpg,sweatshirt
Usedbooks_lb35.jpg,book_jacket
Elitegirlsvintage 40.jpg,cardigan
Usedtoglow11.jpg,wool
thrift.origins2.jpg,Christmas_stocking
Thrifted4hype17.jpg,running_shoe
Thrift_poplb16.jpg,chain_mail
Thriftbooksbeirut11.jpg,book_jacket
Karella_thrift 10.jpg,diaper
Thrifting_mimo42.jpg,hair_slide
Thrift_bags_by_nouf 11.jpg,wool
Thriftinglb_15.jpg,sweatshirt
Thriftbook.lb23.jpg,carton
Thrift.soull30.jpg,handkerchief
Thriftwithley1.jpg,purse
Thrift_shop1239321.jpg,fur_coat
almost_everythinggg35.jpg,jean
Elitegirlsvintage 18.jpg,wool
Thriftbooksbeirut7.jpg,book_jacket
Ulike.thrifting 27.jpg,ski_mask
Second_hands_leb10.jpg,miniskirt
Thrift_shop1239327.jpg,fur_coat
Thrift_books_and_more33.jpg,sweatshirt
Thrifting_mimo1.jpg,poncho
ub_students_thrift14.jpg,mailbag
thrift.origins18.jpg,running_shoe
Thrift.soull10.jpg,umbrella
Ulike.thrifting 0.jpg,sweatshirt
Second_hands_leb24.jpg,miniskirt
Online_by_wared5.jpg,running_shoe
The_thrift__shop8.jpg,scabbard
Ulike.thrifting 7.jpg,sweatshirt
Thriftinglb_6.jpg,cardigan
Second_hands_leb9.jpg,miniskirt
Thriftbooksbeirut17.jpg,book_jacket
Second_hands_leb36.jpg,miniskirt
ub_students_thrift9.jpg,wool
Thrift_books_and_more24.jpg,sweatshirt
Kratos_thriftlb31.jpg,sandal
Online_by_wared8.jpg,running_shoe
Thrift_bags_by_nouf 31.jpg,pick
Opie.lb37.jpg,apron
Thrifting_mimo15.jpg,packet
Thrift_books_and_more41.jpg,wool
Thrift.soull20.jpg,handkerchief
Thriftinglb_23.jpg,sweatshirt
Toys.thrift.lb18.jpg,packet
Usedtoglow25.jpg,cardigan
thrift.origins10.jpg,running_shoe
Pick.n.thriftlb 13.jpg,Loafer
Pick.n.thriftlb 36.jpg,mailbag
Thrifted4hype18.jpg,running_shoe
Thriftbook.lb19.jpg,handkerchief
almost_everythinggg23.jpg,cardigan
Thriftshopbutterfly7.jpg,cardigan
Thrift_lebanon13.jpg,abaya
Kratos_thriftlb26.jpg,sandal
Thrift_books_and_more28.jpg,trench_coat
Kratos_thriftlb22.jpg,sandal
Pick.n.thriftlb 30.jpg,maillot
Thrift.soull37.jpg,mitten
ub_students_thrift27.jpg,coffee_mug
The.thrift.zone 24.jpg,clog
Thrift_bags_by_nouf 44.jpg,mailbag
Thriftvintage22.jpg,sweatshirt
Thrift_shop1239313.jpg,jean
The_thrift__shop17.jpg,bow_tie
Thriftvintage16.jpg,cardigan
Thrift_shop1239329.jpg,pajama
Usedtoglow12.jpg,jean
ub_students_thrift6.jpg,jean
Online_by_wared20.jpg,feather_boa
thrift.origins20.jpg,sweatshirt
Pick.n.thriftlb 0.jpg,swimming_trunks
Lift_by_thrifting9.jpg,screw
The.usedcloset38.jpg,trench_coat
Pick.n.thriftlb 26.jpg,pencil_sharpener
Thriftbooks.com.lb24.jpg,envelope
The.thrift.zone 12.jpg,running_shoe
Usedtoglow32.jpg,miniskirt
thrift.origins13.jpg,sandal
ub_students_thrift45.jpg,scabbard
therapythrift_23.jpg,jersey
Usedtoglow19.jpg,sandal
Usedtoglow22.jpg,running_shoe
The2022thrift 2.jpg,purse
therapythrift_2.jpg,cardigan
The.usedcloset18.jpg,stole
Thrifting_mimo11.jpg,velvet
Thriftwithley9.jpg,bath_towel
ub_students_thrift40.jpg,fur_coat
Second_hands_leb40.jpg,miniskirt
Thrift.soull15.jpg,umbrella
thrift.origins22.jpg,running_shoe
Thrift_shop123936.jpg,abaya
Alien_thrift_lb15.jpg,sweatshirt
Thriftvintage11.jpg,sweatshirt
Thrift_books_and_more42.jpg,stole
Thrifted4hype13.jpg,running_shoe
Thriftbook.lb32-checkpoint.jpg,Band_Aid
Toys.thrift.lb26.jpg,book_jacket
Usedbooks_lb11.jpg,packet
Usedbooks_lb23.jpg,envelope
Thrift_poplb36.jpg,sunglasses
Thriftinglb_32.jpg,jean
Toys.thrift.lb12.jpg,packet
Thriftbooksbeirut40.jpg,comic_book
Usedtoglow14.jpg,poncho
Thriftvintage4.jpg,military_uniform
Online_by_wared23.jpg,Christmas_stocking
Usedbooks_lb18.jpg,book_jacket
Pick.n.thriftlb 8.jpg,sweatshirt
therapythrift_14.jpg,sweatshirt
Thrift_bags_by_nouf 22.jpg,diaper
Thrift_poplb3.jpg,kimono
Thrift_books_and_more4.jpg,jersey
ub_students_thrift29.jpg,cardigan
The_thrift__shop28.jpg,bib
The_thrift__shop42.jpg,coho
Thriftbooks.com.lb3.jpg,book_jacket
Second_hands_leb19.jpg,miniskirt
therapythrift_26.jpg,jean
Thriftinglb_16.jpg,cardigan
Online_by_wared24.jpg,poncho
Thriftbooks.com.lb8.jpg,sunscreen
Thrift.soull24.jpg,sweatshirt
The.thrift.zone 19.jpg,running_shoe
Usedbooks_lb33.jpg,book_jacket
Thrift_shop1239323.jpg,traffic_light
Thrift_bags_by_nouf 27.jpg,mailbag
Thriftbook.lb32.jpg,Band_Aid
ub_students_thrift58.jpg,sombrero
Thriftbooksbeirut41.jpg,book_jacket
Thriftshopbutterfly28.jpg,pajama
Usedtoglow17.jpg,menu
Thrift.soull35.jpg,sweatshirt
Opie.lb8.jpg,kimono
Thrift.soull3.jpg,shovel
Elitegirlsvintage 16.jpg,bonnet
Thriftshopbutterfly23.jpg,gown
Second_hands_leb43.jpg,miniskirt
Thriftbooks.com.lb15.jpg,packet
ub_students_thrift26.jpg,jersey
Thriftbooks.com.lb38.jpg,envelope
Second_hands_leb33.jpg,miniskirt
Elitegirlsvintage 7.jpg,sweatshirt
Thrifting_mimo28.jpg,suit
Thriftbook.lb5.jpg,packet
Karella_thrift 21.jpg,coil
Second_hands_leb25.jpg,miniskirt
Kratos_thriftlb18.jpg,sandal
Second_hands_leb8.jpg,miniskirt
Usedbooks_lb9.jpg,book_jacket
almost_everythinggg33.jpg,poncho
Ulike.thrifting 26.jpg,cloak
Usedtoglow26.jpg,fur_coat
Lift_by_thrifting29.jpg,purse
Thriftinglb_18.jpg,sweatshirt
Online_by_wared2.jpg,cardigan
Karella_thrift 33.jpg,overskirt
Elitegirlsvintage 36.jpg,poncho
Thrifting_mimo43.jpg,sunscreen
The.thrift.zone 22.jpg,running_shoe
Thrift_lebanon2.jpg,abaya
Alien_thrift_lb12.jpg,sweatshirt
Thriftvintage10.jpg,sweatshirt
Thrift_bags_by_nouf 5.jpg,mailbag
therapythrift_18.jpg,velvet
Thriftbook.lb0-checkpoint.jpg,envelope
Thriftwithley7.jpg,purse
Pick.n.thriftlb 2.jpg,breakwater
Thriftbooksbeirut33.jpg,book_jacket
Thriftinglb_9.jpg,sweatshirt
ub_students_thrift49.jpg,sweatshirt
ub_students_thrift12.jpg,sweatshirt
Toys.thrift.lb2.jpg,bookcase
Thriftshopbutterfly3.jpg,cardigan
Thriftwithley8.jpg,purse
Second_hands_leb26.jpg,miniskirt
Elitegirlsvintage 34.jpg,stole
Thriftvintage33.jpg,jean
Usedtoglow7.jpg,sandal
Thriftbooks.com.lb12.jpg,book_jacket
Thriftbooks.com.lb30.jpg,packet
Thriftbooksbeirut0.jpg,medicine_chest
Online_by_wared16.jpg,poncho
The_thrift__shop9.jpg,crayfish
almost_everythinggg13.jpg,academic_gown
Karella_thrift 18.jpg,stole
Usedtoglow9.jpg,jean
Karella_thrift 40.jpg,stole
Karella_thrift 2.jpg,ski_mask
Thrift_lebanon11.jpg,abaya
The.usedcloset1.jpg,jersey
Thriftbook.lb29.jpg,packet
Usedtoglow33.jpg,cardigan
Thriftbook.lb4.jpg,book_jacket
Elitegirlsvintage 39.jpg,cardigan
Thrift_shop1239337.jpg,trench_coat
Usedtoglow2.jpg,cardigan
therapythrift_21.jpg,vase
therapythrift_4.jpg,jean
Opie.lb7.jpg,cardigan
Thrifted4hype2.jpg,clog
Thrift_shop1239315.jpg,toaster
almost_everythinggg27.jpg,poncho
Toys.thrift.lb14.jpg,pencil_box
The_thrift__shop20.jpg,sweatshirt
The.thrift.zone 39.jpg,cowboy_boot
Thriftshopbutterfly24.jpg,purse
Usedbooks_lb25.jpg,comic_book
Thrift_bags_by_nouf 32.jpg,doormat
Second_hands_leb32.jpg,miniskirt
The.usedcloset2.jpg,bib
Alien_thrift_lb9.jpg,sweatshirt
Thriftshopbutterfly0.jpg,piggy_bank
Alien_thrift_lb3.jpg,cardigan
Thrift_books_and_more20.jpg,miniskirt
almost_everythinggg29.jpg,sweatshirt
Thriftbook.lb18.jpg,book_jacket
Elitegirlsvintage 6.jpg,poncho
Thriftbooksbeirut10.jpg,bookcase
Toys.thrift.lb27.jpg,poncho
Thrift.soull26.jpg,knee_pad
Toys.thrift.lb20.jpg,packet
Second_hands_leb22.jpg,miniskirt
Usedbooks_lb2.jpg,Band_Aid
The.usedcloset0.jpg,wool
almost_everythinggg11.jpg,doormat
thrift.origins16.jpg,bath_towel
Thrift_shop1239310.jpg,park_bench
Lift_by_thrifting0.jpg,jean
therapythrift_9.jpg,wool
Thrift_bags_by_nouf 14.jpg,purse
The.usedcloset40.jpg,chain_mail
Elitegirlsvintage 2.jpg,cardigan
Thriftbooksbeirut12.jpg,book_jacket
Thriftvintage1.jpg,jean
Elitegirlsvintage 44.jpg,cardigan
Opie.lb18.jpg,hook
Thrift.soull5.jpg,carton
Thriftshopbutterfly22.jpg,miniskirt
thrift.origins24.jpg,cowboy_boot
Thrift_poplb22.jpg,umbrella
Purple_fashion_lb 4.jpg,sweatshirt
Lift_by_thrifting25.jpg,shower_cap
Toys.thrift.lb9.jpg,jigsaw_puzzle
Thrift_shop123934.jpg,military_uniform
Ulike.thrifting 16.jpg,sweatshirt
Ulike.thrifting 19.jpg,mountain_tent
Thrift_bags_by_nouf 10.jpg,mailbag
Thriftvintage3.jpg,sweatshirt
The_thrift__shop21.jpg,sweatshirt
Thrift_shop1239319.jpg,cloak
Usedbooks_lb44.jpg,book_jacket
Thrift_books_and_more36.jpg,velvet
Thrift_books_and_more6.jpg,jean
Opie.lb0.jpg,poncho
Thrift_bags_by_nouf 30.jpg,mailbag
Alpas.books6.jpg,envelope
Second_hands_leb39.jpg,miniskirt
The.thrift.zone 40.jpg,running_shoe
Thriftshopbutterfly8.jpg,bib
Thrift_shop1239340.jpg,apron
The.thrift.zone 29.jpg,running_shoe
Thrift.soull19.jpg,doormat
Pick.n.thriftlb 20.jpg,miniskirt
Thriftbooks.com.lb5.jpg,book_jacket
Lift_by_thrifting28.jpg,jean
Thrifted4hype25.jpg,running_shoe
The_thrift__shop2.jpg,iron
Online_by_wared19.jpg,hourglass
Thrift_books_and_more12.jpg,stole
Purple_fashion_lb 1 (1).jpg,sandal
Thrifting_mimo44.jpg,bearskin
The.usedcloset24.jpg,cardigan
Second_hands_leb38.jpg,miniskirt
Thrift_bags_by_nouf 13.jpg,purse
Usedtoglow37.jpg,electric_ray
Thrift_bags_by_nouf 35.jpg,mailbag
Online_by_wared18.jpg,brassiere
Pick.n.thriftlb 10.jpg,cardigan
Ulike.thrifting 12.jpg,bulletproof_vest
Thriftvintage9.jpg,sweatshirt
Second_hands_leb27.jpg,miniskirt
Opie.lb35.jpg,fur_coat
Toys.thrift.lb7.jpg,packet
thrift.origins33.jpg,pencil_box
Opie.lb14.jpg,cowboy_boot
The.thrift.zone 34.jpg,running_shoe
Thrift_books_and_more17.jpg,envelope
The.usedcloset44.jpg,velvet
Alpas.books8.jpg,envelope
Kratos_thriftlb42.jpg,sandal
Thriftshopbutterfly4.jpg,brassiere
Usedtoglow35.jpg,sleeping_bag
ub_students_thrift16.jpg,purse
Thriftbooksbeirut22.jpg,bookcase
Karella_thrift 3.jpg,cardigan
Toys.thrift.lb13.jpg,velvet
The_thrift__shop44.jpg,packet
almost_everythinggg2.jpg,poncho
Thriftbook.lb28.jpg,packet
Thriftbooks.com.lb19.jpg,web_site
Thrift_bags_by_nouf 16.jpg,cowboy_hat
Thriftbooksbeirut26.jpg,library
The.thrift.zone 25.jpg,running_shoe
Elitegirlsvintage 17.jpg,sweatshirt
Thriftbook.lb15.jpg,packet
almost_everythinggg32.jpg,bulletproof_vest
The_thrift__shop34.jpg,mask
thrift.origins19.jpg,sandal
Thrifting_mimo4.jpg,mailbag
Karella_thrift 16.jpg,stole
Thriftshopbutterfly35.jpg,book_jacket
Purple_fashion_lb 0 (1).jpg,pot
Thrift_bags_by_nouf 41.jpg,mailbag
Alpas.books9.jpg,envelope
Ulike.thrifting 31.jpg,jersey
ub_students_thrift41.jpg,cardigan
Thrift_bags_by_nouf 37.jpg,purse
Thriftvintage27.jpg,sweatshirt
Thriftshopbutterfly10.jpg,jean
Alpas.books1.jpg,envelope
Thrifted4hype16.jpg,running_shoe
ub_students_thrift3.jpg,pajama
Ulike.thrifting 6.jpg,jean
Opie.lb3.jpg,mitten
Alien_thrift_lb0-checkpoint.jpg,cardigan
Second_hands_leb4.jpg,miniskirt
Thrift_poplb8.jpg,stole
Karella_thrift 13.jpg,jean
Alien_thrift_lb13.jpg,sweatshirt
Thrift_lebanon14.jpg,abaya
Thrift_shop1239322.jpg,bubble
The.thrift.zone 43.jpg,running_shoe
Lift_by_thrifting5.jpg,jean
Kratos_thriftlb10.jpg,sandal
ub_students_thrift46.jpg,carton
Kratos_thriftlb5.jpg,sandal
Thrift.soull8.jpg,knee_pad
Opie.lb26.jpg,mitten
Thrift_poplb29.jpg,cash_machine
Lift_by_thrifting33.jpg,velvet
ub_students_thrift53.jpg,toilet_seat
Opie.lb10.jpg,poncho
Online_by_wared15.jpg,poncho
The.usedcloset35.jpg,fur_coat
ub_students_thrift31.jpg,jean
The.thrift.zone 41.jpg,running_shoe
Kratos_thriftlb11.jpg,sandal
Opie.lb33.jpg,overskirt
The.usedcloset13.jpg,cardigan
almost_everythinggg34.jpg,suit
Pick.n.thriftlb 5.jpg,handkerchief
thrift.origins15.jpg,knee_pad
Pick.n.thriftlb 24.jpg,apron
Thriftshopbutterfly27.jpg,purse
Opie.lb22.jpg,bib
therapythrift_15.jpg,wool
Thriftshopbutterfly16.jpg,chain_mail
Usedbooks_lb36.jpg,book_jacket
therapythrift_24.jpg,jean
almost_everythinggg15.jpg,apron
Ulike.thrifting 24.jpg,sweatshirt
Karella_thrift 41.jpg,wool
ub_students_thrift13.jpg,mailbag
Kratos_thriftlb39.jpg,sandal
Thrift_lebanon19.jpg,abaya
thrift.origins6.jpg,cowboy_boot
Usedbooks_lb32.jpg,packet
Thriftbooksbeirut44.jpg,book_jacket
Thrift_shop123933.jpg,velvet
Online_by_wared11.jpg,jean
Ulike.thrifting 11.jpg,bulletproof_vest
Thrift_shop123931.jpg,hamper
Thriftbooksbeirut37.jpg,envelope
Thriftbook.lb4-checkpoint.jpg,book_jacket
Thriftbook.lb26.jpg,packet
Thrift_bags_by_nouf 28.jpg,purse
almost_everythinggg12.jpg,pajama
Second_hands_leb14.jpg,miniskirt
Thriftbooksbeirut25.jpg,book_jacket
Thrift_bags_by_nouf 33.jpg,mailbag
Thriftshopbutterfly2.jpg,piggy_bank
The.usedcloset36.jpg,jean
The.thrift.zone 7.jpg,plane
Thrift_books_and_more26.jpg,sock
Thrift.soull16.jpg,brass
The.usedcloset37.jpg,jean
therapythrift_5.jpg,wool
almost_everythinggg10.jpg,cardigan
Karella_thrift 15.jpg,fur_coat
Thrift_shop1239341.jpg,miniskirt
The_thrift__shop0.jpg,suit
Thrift_shop123932.jpg,abaya
Thrift_poplb35.jpg,jean
Thrift.soull1.jpg,wallet
The_thrift__shop12.jpg,bib
Ulike.thrifting 17.jpg,diaper
Lift_by_thrifting19.jpg,buckle
Lift_by_thrifting26.jpg,jersey
Elitegirlsvintage 30.jpg,cardigan
Pick.n.thriftlb 21.jpg,maillot
Thriftbooksbeirut36.jpg,jigsaw_puzzle
Thrifting_mimo35.jpg,bottlecap
Usedtoglow29.jpg,cardigan
Kratos_thriftlb28.jpg,sandal
Kratos_thriftlb19.jpg,sandal
Opie.lb4.jpg,vestment
Thrift_books_and_more30.jpg,fur_coat
Thrift_lebanon7.jpg,abaya
Thrifting_mimo26.jpg,velvet
Thriftinglb_21.jpg,sweatshirt
ub_students_thrift38.jpg,stole
Kratos_thriftlb6.jpg,sandal
Elitegirlsvintage 23.jpg,sweatshirt
Karella_thrift 19.jpg,stole
therapythrift_12.jpg,jean
Thriftbooks.com.lb29.jpg,book_jacket
Usedbooks_lb43.jpg,packet
Online_by_wared3.jpg,nipple
Pick.n.thriftlb 4.jpg,web_site
Online_by_wared6.jpg,cardigan
Pick.n.thriftlb 22.jpg,maillot
Usedbooks_lb19.jpg,book_jacket
Toys.thrift.lb1.jpg,wallet
Thriftbooks.com.lb0.jpg,envelope
Thrifting_mimo2.jpg,abaya
Thriftbooks.com.lb10.jpg,book_jacket
Lift_by_thrifting27.jpg,jean
Lift_by_thrifting7.jpg,overskirt
thrift.origins12.jpg,bath_towel
The.thrift.zone 28.jpg,running_shoe
ub_students_thrift56.jpg,soup_bowl
Karella_thrift 8.jpg,sock
Thriftbooks.com.lb36.jpg,espresso_maker
Lift_by_thrifting44.jpg,pajama
Thrift_shop1239339.jpg,suit
Thrift.soull11.jpg,wool
Thrift.soull0.jpg,umbrella
Thrift.soull28.jpg,umbrella
Thrifting_mimo12.jpg,Christmas_stocking
Second_hands_leb13.jpg,miniskirt
The_thrift__shop15.jpg,letter_opener
thrift.origins30.jpg,sock
Second_hands_leb42.jpg,miniskirt
Usedtoglow15.jpg,overskirt
almost_everythinggg19.jpg,packet
Lift_by_thrifting11.jpg,shovel
almost_everythinggg5.jpg,cardigan
Thrifting_mimo8.jpg,lab_coat
Alpas.books11.jpg,envelope
Kratos_thriftlb25.jpg,sandal
Thriftbooksbeirut18.jpg,carton
Kratos_thriftlb36.jpg,sandal
Lift_by_thrifting36.jpg,jersey
Alien_thrift_lb1-checkpoint.jpg,sweatshirt
Thriftvintage25.jpg,sweatshirt
Thriftbooksbeirut15.jpg,library
almost_everythinggg20.jpg,packet
thrift.origins7.jpg,running_shoe
Purple_fashion_lb 7.jpg,poncho
Lift_by_thrifting12.jpg,stole
Thrifted4hype24.jpg,running_shoe
The.thrift.zone 30.jpg,running_shoe
ub_students_thrift44.jpg,ladle
The.thrift.zone 13.jpg,running_shoe
The.usedcloset22.jpg,bulletproof_vest
Thrift_poplb37.jpg,stole
Thrift_shop1239317.jpg,mitten
almost_everythinggg22.jpg,diaper
The.usedcloset20.jpg,jean
Thrift_lebanon4.jpg,abaya
Elitegirlsvintage 35.jpg,cardigan
thrift.origins26.jpg,running_shoe
Thriftbooks.com.lb21.jpg,book_jacket
almost_everythinggg17.jpg,sweatshirt
Thrift_shop1239331.jpg,fur_coat
Lift_by_thrifting14.jpg,jean
Thrifting_mimo5.jpg,poncho
ub_students_thrift11.jpg,mailbag
Kratos_thriftlb44.jpg,sandal
Usedbooks_lb29.jpg,packet
Thrift_poplb17.jpg,chain_mail
Karella_thrift 5.jpg,fur_coat
Thrift_lebanon5.jpg,abaya
Thrift_lebanon15.jpg,abaya
Thrift_poplb31.jpg,ocarina
Kratos_thriftlb30.jpg,sandal
Opie.lb23.jpg,mitten
Purple_fashion_lb 5.jpg,stole
Ulike.thrifting 13.jpg,wool
Alpas.books5.jpg,envelope
Lift_by_thrifting15.jpg,overskirt
therapythrift_28.jpg,pillow
Thriftbooks.com.lb23.jpg,jean
ub_students_thrift47.jpg,jean
Usedbooks_lb30.jpg,envelope
Thriftshopbutterfly5.jpg,velvet
Second_hands_leb37.jpg,miniskirt
Karella_thrift 37.jpg,stole
ub_students_thrift48.jpg,tray
Thrift_shop1239324.jpg,bikini
The.usedcloset41.jpg,jean
Toys.thrift.lb11.jpg,packet
Thrift.soull25.jpg,sleeping_bag
Thriftbook.lb30.jpg,packet
Thrift.soull34.jpg,sleeping_bag
Thriftbooks.com.lb14.jpg,book_jacket
ub_students_thrift57.jpg,carton
Thrift_bags_by_nouf 18.jpg,toaster
Lift_by_thrifting13.jpg,stole
Karella_thrift 43.jpg,frilled_lizard
Thriftinglb_20.jpg,cardigan
Thrifting_mimo36.jpg,ballpoint
Second_hands_leb12.jpg,miniskirt
Thrift_lebanon18.jpg,abaya
therapythrift_13.jpg,wool
Alien_thrift_lb0.jpg,cardigan
almost_everythinggg9.jpg,cardigan
Ulike.thrifting 3.jpg,reflex_camera
Elitegirlsvintage 41.jpg,cardigan
The.thrift.zone 21.jpg,running_shoe
Thriftbooksbeirut21.jpg,book_jacket
The_thrift__shop40.jpg,sweatshirt
ub_students_thrift0.jpg,jean
Karella_thrift 6.jpg,bib
Thriftinglb_22.jpg,overskirt
Lift_by_thrifting34.jpg,hoopskirt
Opie.lb27.jpg,abaya
The_thrift__shop19.jpg,scabbard
Purple_fashion_lb 3.jpg,poncho
Toys.thrift.lb0.jpg,shield
Thriftshopbutterfly14.jpg,stole
Thrift_books_and_more23.jpg,jean
Kratos_thriftlb23.jpg,sandal
Kratos_thriftlb16.jpg,sandal
The.thrift.zone 11.jpg,envelope
Thrifting_mimo14.jpg,wardrobe
Kratos_thriftlb15.jpg,sandal
Thrifting_mimo32.jpg,pajama
Toys.thrift.lb21.jpg,packet
Online_by_wared7.jpg,running_shoe
Ulike.thrifting 5.jpg,jean
Thrift_shop1239335.jpg,backpack
The.usedcloset28.jpg,doormat
Toys.thrift.lb16.jpg,envelope
Thriftbook.lb11.jpg,pajama
Second_hands_leb0.jpg,miniskirt
The.usedcloset12.jpg,fur_coat
Thriftinglb_0.jpg,chain_mail
The2022thrift 1.jpg,sweatshirt
Kratos_thriftlb0 (1).jpg,sandal
therapythrift_25.jpg,cardigan
The_thrift__shop38.jpg,bib
Ulike.thrifting 34.jpg,jersey
Alpas.books12.jpg,envelope
The.usedcloset15.jpg,chain_mail
Usedtoglow3.jpg,velvet
Thrifting_mimo13.jpg,bath_towel
Alien_thrift_lb19.jpg,sweatshirt
Thrift_bags_by_nouf 4.jpg,mailbag
Thrifting_mimo31.jpg,abaya
Thriftinglb_4.jpg,Loafer
Usedbooks_lb21.jpg,packet
Pick.n.thriftlb 25.jpg,lighter
Lift_by_thrifting6.jpg,shower_cap
Thriftbook.lb24.jpg,jean
Karella_thrift 38.jpg,stole
Thriftvintage29.jpg,poncho
Thriftbook.lb22.jpg,book_jacket
The_thrift__shop27.jpg,breastplate
therapythrift_3.jpg,wool
Thriftbooksbeirut27.jpg,book_jacket
Usedtoglow23.jpg,cardigan
Thrift_lebanon10.jpg,abaya
Thrifted4hype3.jpg,sock
Thrifted4hype0.jpg,cowboy_boot
Thriftbook.lb1.jpg,packet
Kratos_thriftlb2.jpg,sandal
Thrift_poplb28.jpg,miniskirt
almost_everythinggg7.jpg,fur_coat
ub_students_thrift22.jpg,crate
Thrifting_mimo0.jpg,poncho
Thriftbooksbeirut20.jpg,carton
Alien_thrift_lb25.jpg,jersey
Ulike.thrifting 14.jpg,mitten
Kratos_thriftlb7.jpg,sandal
Second_hands_leb6.jpg,miniskirt
Alien_thrift_lb26.jpg,running_shoe
The.usedcloset29.jpg,fur_coat
Thrifting_mimo9.jpg,Christmas_stocking
Thriftvintage14.jpg,sweatshirt
Toys.thrift.lb41.jpg,corkscrew
Elitegirlsvintage 31.jpg,cardigan
Kratos_thriftlb24.jpg,sandal
Thriftvintage12.jpg,sweatshirt
Lift_by_thrifting21.jpg,buckle
Thriftwithley5.jpg,hoopskirt
Thriftbooksbeirut13.jpg,bookshop
Thriftvintage24.jpg,sweatshirt
Karella_thrift 30.jpg,hook
Ulike.thrifting 35.jpg,jersey
Opie.lb20.jpg,swimming_trunks
Second_hands_leb17.jpg,miniskirt
Thrift_books_and_more25.jpg,cardigan
Usedbooks_lb41.jpg,book_jacket
Elitegirlsvintage 37.jpg,cardigan
ub_students_thrift50.jpg,lighter
Thriftbooksbeirut42.jpg,packet
Thriftbooks.com.lb6.jpg,crate
ub_students_thrift51.jpg,rubber_eraser
Lift_by_thrifting37.jpg,jersey
Thriftbooks.com.lb7.jpg,abaya
Toys.thrift.lb15.jpg,backpack
ub_students_thrift15.jpg,swimming_trunks
Thrift_shop1239311.jpg,poncho
Thrifting_mimo17.jpg,packet
Pick.n.thriftlb 34.jpg,miniskirt
Usedtoglow10.jpg,bulletproof_vest
Usedbooks_lb17.jpg,book_jacket
ub_students_thrift10.jpg,stole
Thrift_bags_by_nouf 39.jpg,fur_coat
Ulike.thrifting 20.jpg,sweatshirt
Opie.lb17.jpg,poncho
Thriftinglb_10.jpg,chest
Thrift_poplb30.jpg,cellular_telephone
Thriftbooks.com.lb20.jpg,book_jacket
Usedbooks_lb14.jpg,book_jacket
Thrifted4hype20.jpg,running_shoe
Thriftbook.lb20.jpg,packet
Lift_by_thrifting43.jpg,jersey
Thrift_books_and_more16.jpg,stole
Thriftshopbutterfly32.jpg,envelope
thrift.origins23.jpg,clog
The.usedcloset25.jpg,wool
Thrift.soull29.jpg,sleeping_bag
Ulike.thrifting 21.jpg,sweatshirt
Alien_thrift_lb7.jpg,cardigan
Thrift_shop1239316.jpg,mitten
Purple_fashion_lb 2 (1).jpg,ski_mask
Lift_by_thrifting17.jpg,sweatshirt
Thriftbooksbeirut32.jpg,book_jacket
Ulike.thrifting 18.jpg,backpack
Thrifted4hype1.jpg,cowboy_boot
Thriftbooks.com.lb39.jpg,packet
almost_everythinggg18.jpg,fur_coat
almost_everythinggg1.jpg,sweatshirt
Thrift_bags_by_nouf 42.jpg,long-horned_beetle
The.thrift.zone 1.jpg,digital_clock
Kratos_thriftlb3.jpg,sandal
Thrift_books_and_more27.jpg,cardigan
Thriftbooks.com.lb37.jpg,book_jacket
Thriftbooksbeirut9.jpg,medicine_chest
Online_by_wared0.jpg,cardigan
Usedtoglow8.jpg,jean
therapythrift_29.jpg,jean
therapythrift_22.jpg,bath_towel
Usedbooks_lb10.jpg,book_jacket
Opie.lb13.jpg,folding_chair
thrift.origins0.jpg,running_shoe
Karella_thrift 44.jpg,mitten
ub_students_thrift23 (1).jpg,street_sign
Thrift_shop1239326.jpg,poncho
Ulike.thrifting 15.jpg,wool
Toys.thrift.lb34.jpg,thimble
Thrift_books_and_more22.jpg,bucket
Thrifted4hype8.jpg,sweatshirt
Pick.n.thriftlb 33.jpg,bath_towel
Thriftshopbutterfly26.jpg,lipstick
Alien_thrift_lb5.jpg,sweatshirt
Toys.thrift.lb33.jpg,clog
Ulike.thrifting 32.jpg,jersey
Thrift_poplb7.jpg,jean
thrift.origins5.jpg,running_shoe
The.usedcloset39.jpg,cardigan
almost_everythinggg31.jpg,sweatshirt
Usedtoglow38.jpg,bottlecap
Elitegirlsvintage 26.jpg,stole
Online_by_wared12.jpg,cardigan
Kratos_thriftlb33.jpg,sandal
Thrift_bags_by_nouf 1.jpg,iron
Second_hands_leb21.jpg,miniskirt
